{
    "profileRevision": 420,
    "profileId": "collections",
    "profileChangesBaseRevision": 420,
    "profileChanges": [
        {
            "changeType": "fullProfileUpdate",
            "profile": {
                "_id": "1df2662b89f84649896a154d37bc249a",
                "created": "2020-06-17T13:32:11.432Z",
                "updated": "2022-09-30T17:32:03.099Z",
                "rvn": 420,
                "wipeNumber": 3,
                "accountId": "replace me",
                "profileId": "collections",
                "version": "season20_2010_fix_fish_collection_incorrect_items_apr_2022",
                "items": {
                    "07fc813c-a0e9-49ee-81e8-33b786eec0b3": {
                        "templateId": "CollectableCharacter:tandem",
                        "attributes": {
                            "collected": [
                                {
                                    "variantTag": "AISpawnerData.Type.Tandem.TheUnderwriter",
                                    "contextTags": [],
                                    "properties": {
                                        "questsGiven": 0,
                                        "questsCompleted": 0,
                                        "encounterTypeFlags": 1
                                    },
                                    "seenState": "NewlyCompleted",
                                    "count": 1
                                }
                            ]
                        },
                        "quantity": 1
                    }
                },
                "stats": {
                    "attributes": {
                        "current_season": 22
                    }
                },
                "commandRevision": 408
            }
        }
    ],
    "profileCommandRevision": 408,
    "serverTime": "date replace",
    "responseVersion": 1
}