{
    "profileRevision": 3,
    "profileId": "common_public",
    "profileChangesBaseRevision": 3,
    "profileChanges": [
        {
            "changeType": "fullProfileUpdate",
            "profile": {
                "_id": "bf2c6219f02b45eaa0601948d99546cd",
                "created": "2018-06-24T21:36:57.045Z",
                "updated": "2019-12-02T14:29:55.128Z",
                "rvn": 3,
                "wipeNumber": 9,
                "accountId": "replace me",
                "profileId": "common_public",
                "version": "fortnite_start",
                "items": {},
                "stats": {
                    "attributes": {
                        "banner_color": "defaultcolor44",
                        "homebase_name": "lmaoooo",
                        "banner_icon": "brs10blackmondayteaser"
                    }
                },
                "commandRevision": 2
            }
        }
    ],
    "profileCommandRevision": 2,
    "serverTime": "date replace",
    "responseVersion": 1
}