{
    "profileRevision": 150,
    "profileId": "creative",
    "profileChangesBaseRevision": 150,
    "profileChanges": [
        {
            "changeType": "fullProfileUpdate",
            "profile": {
                "_id": "0344a1f0a2be4b10a208344dd7445daa",
                "created": "2019-03-10T19:34:15.419Z",
                "updated": "2021-10-31T03:13:21.671Z",
                "rvn": 150,
                "wipeNumber": 11,
                "accountId": "replace me",
                "profileId": "creative",
                "version": "ensure_project_ids_october_2021",
                "items": {
                    "58af38e7-d620-4598-8138-48e920b7dac8": {
                        "templateId": "CreativePlot:flatgrass_largev2",
                        "attributes": {
                            "last_used_date": "2021-01-05T16:03:12.595Z",
                            "vk_project_id": "236f4626-ffb2-47f6-b117-af7f9575402e",
                            "level": 1,
                            "permissions": {
                                "permission": "Public",
                                "whitelist": []
                            },
                            "islandIndex": 3,
                            "locale": "en",
                            "title": "Gulag"
                        },
                        "quantity": 1
                    },
                    "6197b31e-566f-443b-8a09-e714eedcf6b9": {
                        "templateId": "CreativePlot:thehub_floatingisland",
                        "attributes": {
                            "last_used_date": "2021-01-07T00:40:34.021Z",
                            "vk_project_id": "eeae3dc6-e604-42a4-8872-966950c8fd08",
                            "level": 1,
                            "permissions": {
                                "permission": "Private",
                                "whitelist": [
                                    "0c8e5eb06aed449cb12bb9ed0a5c904c"
                                ]
                            },
                            "islandIndex": 2,
                            "locale": "en"
                        },
                        "quantity": 1
                    },
                    "dfc433e5-d46a-4861-b536-6b1f7ad3919b": {
                        "templateId": "CreativePlot:flatgrass_largev2",
                        "attributes": {
                            "last_used_date": "2020-08-09T20:07:50.285Z",
                            "vk_project_id": "95b3e6c9-b9d1-408b-aebc-6d6489cefce1",
                            "level": 1,
                            "islandIndex": 1,
                            "locale": "en"
                        },
                        "quantity": 1
                    },
                    "a69e0556-c0be-4a03-aa56-ee63ecc15cec": {
                        "templateId": "CreativePlot:flatgrass_large",
                        "attributes": {
                            "last_used_date": "2021-04-09T14:31:17.279Z",
                            "island_code": "7556-2809-3608",
                            "vk_project_id": "28276758-a4a7-46cb-b0c3-523c87631a44",
                            "last_published_date": "2021-01-05T16:02:49.236Z",
                            "level": 1,
                            "permissions": {
                                "permission": "Private",
                                "whitelist": [
                                    "0c8e5eb06aed449cb12bb9ed0a5c904c"
                                ]
                            },
                            "descriptionTags": [
                                "1v1",
                                "Battle",
                                "Boxfight",
                                "Building"
                            ],
                            "islandIndex": 5,
                            "locale": "en",
                            "title": "Kits charge shotgun practice",
                            "last_published_version": 1,
                            "introduction": "\n\n"
                        },
                        "quantity": 1
                    },
                    "fce0c0ae-1d28-41ad-94f6-0415f2c18e88": {
                        "templateId": "CreativePlot:flatgrid_large",
                        "attributes": {
                            "last_used_date": "2019-08-20T01:34:44.027Z",
                            "vk_project_id": "50cbf41b-2f27-4fb7-b64b-ad7c94de1ef2",
                            "level": 1,
                            "permissions": {
                                "permission": "Private",
                                "whitelist": [
                                    "0c8e5eb06aed449cb12bb9ed0a5c904c"
                                ]
                            },
                            "islandIndex": 1
                        },
                        "quantity": 1
                    },
                    "02eee11d-ba3b-4c00-bc78-49d70dfb7fa3": {
                        "templateId": "CreativePlot:volcano_large_02",
                        "attributes": {
                            "last_used_date": "2020-08-03T22:54:37.835Z",
                            "vk_project_id": "ba3b136e-29ef-453d-904a-5e8e83141068",
                            "level": 1,
                            "islandIndex": 3,
                            "locale": "en",
                            "title": "1v1 battle royale"
                        },
                        "quantity": 1
                    },
                    "ab19d8fc-52ec-4382-8133-51903fcc530a": {
                        "templateId": "CreativePlot:tropical_medium",
                        "attributes": {
                            "vk_project_id": "103d62b5-21b1-46b6-a036-4dadced909cb",
                            "level": 1,
                            "islandIndex": 1,
                            "deleted_at": "2019-08-15T00:55:52.439Z"
                        },
                        "quantity": 1
                    },
                    "c528bde3-4125-403c-b532-70215ab70ecf": {
                        "templateId": "CreativePlot:temperate_medium",
                        "attributes": {
                            "vk_project_id": "ca5a2a7f-769c-469d-8f3f-9dd6ac72dce4",
                            "level": 1,
                            "islandIndex": 4,
                            "deleted_at": "2019-08-15T00:55:52.439Z"
                        },
                        "quantity": 1
                    },
                    "a1314ae0-1951-48cb-b6b5-74f2c60d00be": {
                        "templateId": "CreativePlot:desert_large_02",
                        "attributes": {
                            "vk_project_id": "51b93856-0972-463d-b415-c275fad381b8",
                            "level": 1,
                            "islandIndex": 1,
                            "deleted_at": "2019-08-15T00:55:52.439Z"
                        },
                        "quantity": 1
                    },
                    "8fbc46e7-bf5d-4868-8ef1-fd12db6cbcdb": {
                        "templateId": "CreativePlot:flatgrass_large",
                        "attributes": {
                            "last_used_date": "2020-09-15T22:05:41.312Z",
                            "vk_project_id": "36539c1e-1583-4bca-8e15-4fb7a2be0d5d",
                            "level": 1,
                            "islandIndex": 3,
                            "locale": "en",
                            "title": "Meadow Island222222"
                        },
                        "quantity": 1
                    },
                    "b79bb83b-206f-4ce5-a30e-363cc3161b17": {
                        "templateId": "CreativePlot:theblock_season7",
                        "attributes": {
                            "last_used_date": "2019-10-19T23:21:52.135Z",
                            "vk_project_id": "71e8a6fe-be4c-458b-a3bc-d951f34cc6d0",
                            "level": 1,
                            "permissions": {
                                "permission": "Public",
                                "whitelist": [
                                    "0c8e5eb06aed449cb12bb9ed0a5c904c",
                                    "7fabb625cd97457c815a049b55306f9a"
                                ]
                            },
                            "islandIndex": 1
                        },
                        "quantity": 1
                    },
                    "861b016a-688c-49d4-b9f6-e91cb1fdd862": {
                        "templateId": "CreativePlot:flatgrass_large",
                        "attributes": {
                            "last_used_date": "2020-09-15T00:31:34.214Z",
                            "vk_project_id": "06352f45-7e6f-4e32-be53-e892143ee814",
                            "level": 1,
                            "permissions": {
                                "permission": "Private",
                                "whitelist": [
                                    "0c8e5eb06aed449cb12bb9ed0a5c904c",
                                    "b38da71e1d51445fb8f0385d2a70518d",
                                    "ee1a56378dbb47b987958f146ae97b06",
                                    "52a9f63bec92481cbbc1d27dad6a69b6"
                                ]
                            },
                            "islandIndex": 1
                        },
                        "quantity": 1
                    },
                    "d4146070-3dd0-4c36-9f97-749e309ce0ee": {
                        "templateId": "CreativePlot:flatgrid_large",
                        "attributes": {
                            "last_used_date": "2020-10-06T01:20:45.040Z",
                            "vk_project_id": "86363d2c-97bb-41c8-8930-a195db56a4a5",
                            "level": 1,
                            "islandIndex": 6,
                            "locale": "en"
                        },
                        "quantity": 1
                    },
                    "301b49d8-6202-4ed4-a045-3247408921fd": {
                        "templateId": "CreativePlot:temperate_medium",
                        "attributes": {
                            "last_used_date": "2021-02-14T03:29:01.365Z",
                            "vk_project_id": "42c31edd-f120-48cd-9b00-853dfb73939f",
                            "level": 1,
                            "islandIndex": 5,
                            "locale": "en"
                        },
                        "quantity": 1
                    },
                    "d5c8ea55-8681-4777-a5ae-f9a4f8603c8f": {
                        "templateId": "CreativePlot:flatgrass_large",
                        "attributes": {
                            "last_used_date": "2021-02-14T03:41:34.085Z",
                            "vk_project_id": "72d8cbb9-e7bc-4c47-80a5-0b54e74b940b",
                            "level": 1,
                            "islandIndex": 6,
                            "locale": "en",
                            "title": "Meadow Islan"
                        },
                        "quantity": 1
                    },
                    "83b2c6ac-ddb2-477d-b942-0ab7c4035c20": {
                        "templateId": "CreativePlot:desert_large",
                        "attributes": {
                            "vk_project_id": "2f9fa33d-0220-4e98-8143-33c6fac8eeb7",
                            "level": 1,
                            "islandIndex": 2,
                            "deleted_at": "2019-08-15T00:55:52.439Z"
                        },
                        "quantity": 1
                    },
                    "bffa66c6-ac54-47c6-8c4c-4620837f8251": {
                        "templateId": "CreativePlot:flatgrass_largev2",
                        "attributes": {
                            "last_used_date": "2020-10-16T14:13:36.603Z",
                            "vk_project_id": "52106111-05f9-4b4c-bf9c-3abb340bf7e5",
                            "level": 1,
                            "permissions": {
                                "permission": "Public",
                                "whitelist": []
                            },
                            "islandIndex": 2,
                            "locale": "en",
                            "title": "Shoreline Island1222"
                        },
                        "quantity": 1
                    },
                    "8ba56154-f5fe-43e1-8d05-304706f28057": {
                        "templateId": "CreativePlot:military_medium",
                        "attributes": {
                            "vk_project_id": "37f71abe-c159-425a-86e9-82d6e56079d9",
                            "level": 1,
                            "islandIndex": 1,
                            "deleted_at": "2019-08-15T00:55:52.439Z"
                        },
                        "quantity": 1
                    },
                    "da5c5c0d-d704-445a-b90a-31f20f6fdb98": {
                        "templateId": "CreativePlot:desert_large_02",
                        "attributes": {
                            "vk_project_id": "856ec5ab-5d9d-46c9-85f5-cad723c4baea",
                            "level": 1,
                            "islandIndex": 2,
                            "deleted_at": "2019-08-15T00:55:52.439Z"
                        },
                        "quantity": 1
                    },
                    "9a5618a8-4a26-402a-a689-378c9cf5f556": {
                        "templateId": "CreativePlot:military_medium",
                        "attributes": {
                            "last_used_date": "2020-08-23T17:53:55.857Z",
                            "vk_project_id": "0094d614-a77a-4bf8-8d3a-7a7b42a09fc8",
                            "level": 1,
                            "permissions": {
                                "permission": "Private",
                                "whitelist": [
                                    "0c8e5eb06aed449cb12bb9ed0a5c904c"
                                ]
                            },
                            "islandIndex": 2,
                            "locale": "en"
                        },
                        "quantity": 1
                    },
                    "c148c8e4-b78f-4abe-a5c4-7c7700316ab8": {
                        "templateId": "CreativePlot:flatgrass_large",
                        "attributes": {
                            "last_used_date": "2021-01-03T04:42:03.473Z",
                            "vk_project_id": "ee8d9701-2d08-48c0-aec7-6b3bfa5027ab",
                            "level": 1,
                            "permissions": {
                                "permission": "Public",
                                "whitelist": []
                            },
                            "islandIndex": 2
                        },
                        "quantity": 1
                    },
                    "e7b6a665-0a46-4890-b6e0-ddeaa90cd81d": {
                        "templateId": "CreativePlot:icelake_large",
                        "attributes": {
                            "last_used_date": "2021-04-09T14:35:16.520Z",
                            "vk_project_id": "d568ddbc-5946-400c-a48d-7cc2d54f5d00",
                            "level": 1,
                            "islandIndex": 3,
                            "locale": "en"
                        },
                        "quantity": 1
                    },
                    "cc5c268d-abfe-44d1-a501-fd6a739c93cb": {
                        "templateId": "CreativePlot:theblock_season7",
                        "attributes": {
                            "last_used_date": "2020-07-07T21:54:00.544Z",
                            "vk_project_id": "e9950820-706f-4db3-b0ef-f25ae09eae98",
                            "level": 1,
                            "permissions": {
                                "permission": "Private",
                                "whitelist": [
                                    "0c8e5eb06aed449cb12bb9ed0a5c904c",
                                    "b38da71e1d51445fb8f0385d2a70518d",
                                    "ee1a56378dbb47b987958f146ae97b06",
                                    "52a9f63bec92481cbbc1d27dad6a69b6"
                                ]
                            },
                            "islandIndex": 3,
                            "locale": "en"
                        },
                        "quantity": 1
                    },
                    "a08cb500-c2f0-4bf2-b113-08d2e9e67cfa": {
                        "templateId": "CreativePlot:flatgrass_largev2",
                        "attributes": {
                            "last_used_date": "2021-04-21T15:06:18.725Z",
                            "vk_project_id": "cfa54869-5397-43b4-9790-0a22cdb6af6e",
                            "level": 1,
                            "permissions": {
                                "permission": "Private",
                                "whitelist": [
                                    "0c8e5eb06aed449cb12bb9ed0a5c904c"
                                ]
                            },
                            "islandIndex": 4,
                            "locale": "en"
                        },
                        "quantity": 1
                    },
                    "920a0272-3dea-4916-8cdc-d1992abd8b21": {
                        "templateId": "CreativePlot:flatgrid_large",
                        "attributes": {
                            "last_used_date": "2020-05-23T02:23:06.681Z",
                            "vk_project_id": "7e1efee4-7f40-4020-b388-f1a6fe05e630",
                            "level": 1,
                            "permissions": {
                                "permission": "Private",
                                "whitelist": [
                                    "0c8e5eb06aed449cb12bb9ed0a5c904c",
                                    "b38da71e1d51445fb8f0385d2a70518d"
                                ]
                            },
                            "islandIndex": 2
                        },
                        "quantity": 1
                    },
                    "1aff3d0c-6c63-41ba-87e8-c6abf207b55f": {
                        "templateId": "CreativePlot:flatgrid_large",
                        "attributes": {
                            "last_used_date": "2020-09-09T16:20:35.837Z",
                            "vk_project_id": "131afc12-0f69-4dee-8814-4a13d2415a04",
                            "level": 1,
                            "islandIndex": 5,
                            "locale": "en",
                            "title": "Grid Island2333323"
                        },
                        "quantity": 1
                    },
                    "73032460-f01e-4bd1-9a36-ab9387293e31": {
                        "templateId": "CreativePlot:thehub_floatingisland",
                        "attributes": {
                            "last_used_date": "2020-09-09T02:43:25.494Z",
                            "vk_project_id": "1bdcdfae-5d64-406e-a5d3-daea9d109f5d",
                            "level": 1,
                            "permissions": {
                                "permission": "Private",
                                "whitelist": [
                                    "0c8e5eb06aed449cb12bb9ed0a5c904c",
                                    "b38da71e1d51445fb8f0385d2a70518d",
                                    "ee1a56378dbb47b987958f146ae97b06",
                                    "52a9f63bec92481cbbc1d27dad6a69b6"
                                ]
                            },
                            "islandIndex": 1,
                            "locale": "en",
                            "title": "grid"
                        },
                        "quantity": 1
                    },
                    "e606ffd4-dbc8-488d-a0a9-ecd07b64985f": {
                        "templateId": "CreativePlot:arctic_competitive_medium1",
                        "attributes": {
                            "vk_project_id": "6bc7e1da-d6bc-46d0-b458-1753a416b548",
                            "level": 1,
                            "islandIndex": 1,
                            "deleted_at": "2019-08-15T00:55:52.439Z"
                        },
                        "quantity": 1
                    },
                    "b8f50701-d072-4aa4-80c5-37f27854a3f1": {
                        "templateId": "CreativePlot:volcano_large_02",
                        "attributes": {
                            "vk_project_id": "b8888681-0a32-406a-bd20-623dc4c19d26",
                            "level": 1,
                            "islandIndex": 1,
                            "deleted_at": "2019-08-15T00:55:52.439Z"
                        },
                        "quantity": 1
                    },
                    "cfe673c4-4001-4f57-85a6-a364bf7e965c": {
                        "templateId": "CreativePlot:kevin_large",
                        "attributes": {
                            "last_used_date": "2019-08-18T03:41:38.211Z",
                            "vk_project_id": "e75bd424-818a-40b7-a6fb-8680660b67bb",
                            "level": 1,
                            "islandIndex": 1
                        },
                        "quantity": 1
                    },
                    "f09b9744-c00d-4938-9343-65c55f3b23d4": {
                        "templateId": "CreativePlot:temperate_medium",
                        "attributes": {
                            "vk_project_id": "8c99ef73-e46c-4f54-9f0b-3f3d646bd48f",
                            "level": 1,
                            "islandIndex": 1,
                            "deleted_at": "2019-08-15T00:55:52.439Z"
                        },
                        "quantity": 1
                    },
                    "c72d9e2b-8273-4db1-9bc3-c2072cd97aee": {
                        "templateId": "CreativePlot:blackglass_medium",
                        "attributes": {
                            "vk_project_id": "136ffb61-9aa3-4e5c-bc94-311dbae1b416",
                            "level": 1,
                            "islandIndex": 2,
                            "deleted_at": "2019-08-15T00:55:52.439Z"
                        },
                        "quantity": 1
                    },
                    "13c5c5cf-7e04-4f07-a47a-6bc21d93e7b4": {
                        "templateId": "CreativePlot:flatgrass_large",
                        "attributes": {
                            "last_used_date": "2021-01-03T04:44:24.270Z",
                            "vk_project_id": "9bbdbe5e-1281-4fbd-a63a-8fc792a60870",
                            "level": 1,
                            "islandIndex": 4,
                            "locale": "en"
                        },
                        "quantity": 1
                    },
                    "def27ad1-09ad-440a-9eab-7059b830308f": {
                        "templateId": "CreativePlot:arctic_competitive_medium1",
                        "attributes": {
                            "last_used_date": "2021-06-29T05:19:12.038Z",
                            "vk_project_id": "33dfc935-8908-4c56-8f39-6ac5b772e6ff",
                            "level": 1,
                            "islandIndex": 2,
                            "locale": "en"
                        },
                        "quantity": 1
                    },
                    "d413de00-9a4f-41b7-94d0-c35b77551dd0": {
                        "templateId": "CreativePlot:arctic_medium",
                        "attributes": {
                            "vk_project_id": "dcbb823b-071c-43f8-89fc-12915895ac9a",
                            "level": 1,
                            "islandIndex": 4,
                            "deleted_at": "2019-08-15T00:55:52.439Z"
                        },
                        "quantity": 1
                    },
                    "c179ad27-1afb-43e5-a1e7-8f0eea50de77": {
                        "templateId": "CreativePlot:volcano_large",
                        "attributes": {
                            "vk_project_id": "6d203d36-db21-4475-9ecc-b7ed51eb035d",
                            "level": 1,
                            "islandIndex": 1,
                            "deleted_at": "2019-08-15T00:55:52.439Z"
                        },
                        "quantity": 1
                    },
                    "459252d2-b1e5-4547-ba98-252789c13ac8": {
                        "templateId": "CreativePlot:temperate_medium",
                        "attributes": {
                            "vk_project_id": "c52eb0fd-dfdb-4f6a-acac-ffb5f81cb87b",
                            "level": 1,
                            "islandIndex": 2,
                            "deleted_at": "2019-08-15T00:55:52.439Z"
                        },
                        "quantity": 1
                    },
                    "05447e86-e8cc-48f7-97c2-4034fb319721": {
                        "templateId": "CreativePlot:sandbar_large",
                        "attributes": {
                            "vk_project_id": "c3b02c1d-fdbf-47e0-8212-51b273628517",
                            "level": 1,
                            "islandIndex": 2,
                            "deleted_at": "2019-08-15T00:55:52.439Z"
                        },
                        "quantity": 1
                    },
                    "9a275337-04db-48de-907d-e25148c02d68": {
                        "templateId": "CreativePlot:temperate_medium",
                        "attributes": {
                            "vk_project_id": "97c5ad82-499a-4783-b230-ea4c3cde3d80",
                            "level": 1,
                            "islandIndex": 3,
                            "deleted_at": "2019-08-15T00:55:52.439Z"
                        },
                        "quantity": 1
                    },
                    "0fe65998-84a1-4ea0-80d2-43852afc2e08": {
                        "templateId": "CreativePlot:arctic_medium",
                        "attributes": {
                            "vk_project_id": "e7303c3a-979e-4db2-bc3b-37c4c5c3267d",
                            "level": 1,
                            "islandIndex": 3,
                            "deleted_at": "2019-08-15T00:55:52.439Z"
                        },
                        "quantity": 1
                    },
                    "1e740d9e-5741-4f85-a31f-8f6a5ea5012a": {
                        "templateId": "CreativePlot:icelake_large",
                        "attributes": {
                            "vk_project_id": "22f33849-2f02-4e96-906b-9e6f40d6930b",
                            "level": 1,
                            "islandIndex": 1,
                            "deleted_at": "2019-08-15T00:55:52.439Z"
                        },
                        "quantity": 1
                    },
                    "4dc93ee6-afad-40c1-9db9-478657759dc2": {
                        "templateId": "CreativePlot:volcano_large_02",
                        "attributes": {
                            "vk_project_id": "9bc5eab8-6751-46aa-8cc6-6fab65d1aa79",
                            "level": 1,
                            "islandIndex": 2,
                            "deleted_at": "2019-08-15T00:55:52.439Z"
                        },
                        "quantity": 1
                    },
                    "08274e2b-28ff-4e17-8c3d-dfe02695e527": {
                        "templateId": "CreativePlot:flatgrid_large",
                        "attributes": {
                            "last_used_date": "2020-08-06T03:37:31.051Z",
                            "vk_project_id": "4b9c7fb9-bbc8-4af5-a56d-717f876fe668",
                            "level": 1,
                            "islandIndex": 3,
                            "locale": "en",
                            "title": "race"
                        },
                        "quantity": 1
                    },
                    "eb9ffc9e-1b9c-46a5-b3c3-7bc3804af3ed": {
                        "templateId": "CreativePlot:sandbar_largev2",
                        "attributes": {
                            "last_used_date": "2021-01-03T04:43:35.160Z",
                            "vk_project_id": "494eba3f-88e0-4201-a9b2-3c51ef383724",
                            "level": 1,
                            "islandIndex": 1,
                            "locale": "en",
                            "title": "Archipelago Islan"
                        },
                        "quantity": 1
                    },
                    "6abfa85c-1043-4581-9008-fd9b779fc8cc": {
                        "templateId": "CreativePlot:arctic_medium",
                        "attributes": {
                            "vk_project_id": "603f9056-cfe5-41dd-9c91-72f978150f16",
                            "level": 1,
                            "islandIndex": 2,
                            "deleted_at": "2019-08-15T00:55:52.439Z"
                        },
                        "quantity": 1
                    },
                    "79a03ac6-c901-4df4-a21b-2575df283099": {
                        "templateId": "CreativePlot:sandbar_large",
                        "attributes": {
                            "last_used_date": "2019-06-09T19:06:50.302Z",
                            "vk_project_id": "84c8fd1a-ad9e-41de-aec9-a2b5f3bc6183",
                            "level": 1,
                            "permissions": {
                                "permission": "Private",
                                "whitelist": [
                                    "0c8e5eb06aed449cb12bb9ed0a5c904c"
                                ]
                            },
                            "islandIndex": 1
                        },
                        "quantity": 1
                    },
                    "fd431127-d90f-4a3b-a5ca-8116b75cb654": {
                        "templateId": "CreativePlot:temperate_medium",
                        "attributes": {
                            "last_used_date": "2021-06-15T01:30:26.826Z",
                            "vk_project_id": "e1e70d93-4696-479f-bef0-93b1ee0b55f1",
                            "level": 1,
                            "islandIndex": 6,
                            "locale": "en"
                        },
                        "quantity": 1
                    },
                    "b4d7c115-f23d-4f3e-9b32-8be9412ec5fe": {
                        "templateId": "CreativePlot:kevin_large",
                        "attributes": {
                            "vk_project_id": "4dfb8020-3a45-4e40-8224-61d6715a2940",
                            "level": 1,
                            "islandIndex": 2
                        },
                        "quantity": 1
                    },
                    "052d77a0-3c67-4228-b1da-5bbc41c5d759": {
                        "templateId": "CreativePlot:blackglass_medium",
                        "attributes": {
                            "vk_project_id": "d913d6a1-14e1-4e95-adcb-f59228212f66",
                            "level": 1,
                            "permissions": {
                                "permission": "Private",
                                "whitelist": [
                                    "0c8e5eb06aed449cb12bb9ed0a5c904c"
                                ]
                            },
                            "islandIndex": 1
                        },
                        "quantity": 1
                    },
                    "054d254b-1e6f-4215-b8fe-deb54c487fc8": {
                        "templateId": "CreativePlot:kevin_large",
                        "attributes": {
                            "last_used_date": "2020-09-17T03:59:27.650Z",
                            "vk_project_id": "ad1ed191-8e59-42d7-ae2e-a3f30683594b",
                            "level": 1,
                            "islandIndex": 3,
                            "locale": "en",
                            "title": "Kevin Floating Island  "
                        },
                        "quantity": 1
                    },
                    "7027368c-fcb5-4c55-883e-b4e93745505a": {
                        "templateId": "CreativePlot:flatgrid_large",
                        "attributes": {
                            "last_used_date": "2020-08-25T00:51:14.780Z",
                            "vk_project_id": "d977b693-3a3e-4d02-a5af-7e257771dfa8",
                            "level": 1,
                            "permissions": {
                                "permission": "Private",
                                "whitelist": [
                                    "0c8e5eb06aed449cb12bb9ed0a5c904c"
                                ]
                            },
                            "islandIndex": 4,
                            "locale": "en"
                        },
                        "quantity": 1
                    },
                    "b953cf6e-ea84-4734-a52f-aa6dfa3f0b45": {
                        "templateId": "CreativePlot:icelake_large",
                        "attributes": {
                            "vk_project_id": "3f82a2df-ee57-41c7-bf94-a9b1f56ada91",
                            "level": 1,
                            "islandIndex": 2,
                            "deleted_at": "2019-08-15T00:55:52.439Z"
                        },
                        "quantity": 1
                    },
                    "64338125-3a98-4ec6-9ad7-5c0e51dd9ae3": {
                        "templateId": "CreativePlot:flatgrid_large",
                        "attributes": {
                            "last_used_date": "2021-06-09T14:31:56.178Z",
                            "vk_project_id": "e8eab595-604e-4863-8301-bc1788d1c26a",
                            "level": 1,
                            "islandIndex": 7,
                            "locale": "en",
                            "title": "Stw van launch"
                        },
                        "quantity": 1
                    },
                    "629ca96b-bc22-408c-bd56-1a2f8f4e7daf": {
                        "templateId": "CreativePlot:arctic_medium",
                        "attributes": {
                            "vk_project_id": "bcc55620-e24b-4533-8a94-86e3c890715f",
                            "level": 1,
                            "permissions": {
                                "permission": "Private",
                                "whitelist": [
                                    "0c8e5eb06aed449cb12bb9ed0a5c904c"
                                ]
                            },
                            "islandIndex": 1,
                            "deleted_at": "2019-08-15T00:55:52.439Z"
                        },
                        "quantity": 1
                    },
                    "02638dfd-7fcf-426d-af56-30e825a24e81": {
                        "templateId": "CreativePlot:theblock_season7",
                        "attributes": {
                            "last_used_date": "2020-04-04T16:55:21.755Z",
                            "vk_project_id": "ecbcb0bc-46ef-4559-ac2f-d142982a812c",
                            "level": 1,
                            "permissions": {
                                "permission": "Public",
                                "whitelist": [
                                    "ee1a56378dbb47b987958f146ae97b06",
                                    "0b4e2e129e0540b9a4b67aaa4cb1507e"
                                ]
                            },
                            "islandIndex": 2
                        },
                        "quantity": 1
                    }
                },
                "stats": {
                    "attributes": {
                        "max_island_plots": 50,
                        "publish_allowed": false,
                        "support_code": "bmorris",
                        "last_used_plot": "def27ad1-09ad-440a-9eab-7059b830308f",
                        "creator_name": "bmorris"
                    }
                },
                "commandRevision": 137
            }
        }
    ],
    "profileCommandRevision": 137,
    "serverTime": "date replace",
    "responseVersion": 1
}